{
  "马尔科·鲁比奥": {
    "博爱": 0.15289902135341168,
    "仁慈": 0.1997249022711614,
    "友善": 0.15816884678735735,
    "传统": 0.09724482463137152,
    "安全": 0.06206244273942022,
    "权力": 0.03957801885184975,
    "成就": 0.11840561851303998,
    "享乐": 0.06207232057528516,
    "刺激": 0.052564903555280075,
    "自我": 0.05727910072182286
  },
  "皮特·海格塞斯": {
    "博爱": 0.19160122908842608,
    "仁慈": 0.2703994537384773,
    "友善": 0.12342096278593377,
    "传统": 0.0795834755889382,
    "安全": 0.04871969955616251,
    "权力": 0.04175486514168658,
    "成就": 0.10437009218163196,
    "享乐": 0.04875384090133151,
    "刺激": 0.046534653465346534,
    "自我": 0.04486172755206555
  },
  "唐纳德·特朗普": {
    "博爱": 0.14331593737454837,
    "仁慈": 0.29468945346103115,
    "友善": 0.15174628663187475,
    "传统": 0.08046108848999255,
    "安全": 0.05046739691460687,
    "权力": 0.03139874978494007,
    "成就": 0.11854103343465046,
    "享乐": 0.0502953489705798,
    "刺激": 0.03939897918219877,
    "自我": 0.039685725755577224
  },
  "戴维·珀杜": {
    "博爱": 0.20939597315436242,
    "仁慈": 0.3181208053691275,
    "友善": 0.10469798657718121,
    "传统": 0.07248322147651007,
    "安全": 0.042953020134228186,
    "权力": 0.0348993288590604,
    "成就": 0.087248322147651,
    "享乐": 0.03758389261744966,
    "刺激": 0.04161073825503356,
    "自我": 0.05100671140939597
  },
  "帕姆·邦迪": {
    "博爱": 0.20399663254907174,
    "仁慈": 0.2783464043599628,
    "友善": 0.11954450795338739,
    "传统": 0.061411670875980325,
    "安全": 0.05268288360140015,
    "权力": 0.04909388984890779,
    "成就": 0.09136426071159555,
    "享乐": 0.05153086091541495,
    "刺激": 0.04235898799237893,
    "自我": 0.049669901191900394
  },
  "丹·斯卡维诺": {
    "博爱": 0.1583725915820458,
    "仁慈": 0.2066854389419426,
    "友善": 0.1332786742024583,
    "传统": 0.07553040638167755,
    "安全": 0.06653181094213076,
    "权力": 0.05864879940322982,
    "成就": 0.11243876049220099,
    "享乐": 0.06106141759800001,
    "刺激": 0.0605170664175644,
    "自我": 0.06693503403874974
  },
  "埃隆·马斯克": {
    "博爱": 0.12797842114186614,
    "仁慈": 0.1286849618800611,
    "友善": 0.11485415010154562,
    "传统": 0.08943773430299638,
    "安全": 0.08274547907103927,
    "权力": 0.0734730901342095,
    "成就": 0.1256273849697185,
    "享乐": 0.07008495005071308,
    "刺激": 0.07670113721501456,
    "自我": 0.11041269113283583
  },
  "克丽丝蒂·诺姆": {
    "博爱": 0.19882274124929142,
    "仁慈": 0.2798795256609197,
    "友善": 0.09619624033027376,
    "传统": 0.10427557932467948,
    "安全": 0.044931660587598704,
    "权力": 0.03904536683405576,
    "成就": 0.10282118378635273,
    "享乐": 0.045424093722622724,
    "刺激": 0.043190966714955654,
    "自我": 0.04541264178925007
  },
  "凯文·麦卡锡": {
    "博爱": 0.205397877649787,
    "仁慈": 0.19767537115922668,
    "友善": 0.16127782118821365,
    "传统": 0.07361114611952714,
    "安全": 0.05689637788924457,
    "权力": 0.04512199732815769,
    "成就": 0.10989841958006705,
    "享乐": 0.05116830085952663,
    "刺激": 0.055144556751443044,
    "自我": 0.04380813147480654
  },
  "塔尔西·加巴德": {
    "博爱": 0.18631521935367396,
    "仁慈": 0.262980892361563,
    "友善": 0.1119755475969552,
    "传统": 0.0971630342140509,
    "安全": 0.05163386892940964,
    "权力": 0.03969316936563984,
    "成就": 0.10604298483900629,
    "享乐": 0.05058422937563241,
    "刺激": 0.046192537482628464,
    "自我": 0.04741851648144027
  },
  "迈克尔·克拉西奥斯": {
    "博爱": 0.15873015873015872,
    "仁慈": 0.047619047619047616,
    "友善": 0.08994708994708994,
    "传统": 0.08994708994708994,
    "安全": 0.06878306878306878,
    "权力": 0.08994708994708994,
    "成就": 0.08465608465608465,
    "享乐": 0.1746031746031746,
    "刺激": 0.12169312169312169,
    "自我": 0.07407407407407407
  },
  "詹姆斯·戴维·万斯": {
    "博爱": 0.23853975662610435,
    "仁慈": 0.23053842307051176,
    "友善": 0.14185697616269377,
    "传统": 0.08018003000500083,
    "安全": 0.052675445907651275,
    "权力": 0.040673445574262376,
    "成就": 0.08901483580596767,
    "享乐": 0.046007667944657445,
    "刺激": 0.043173862310385065,
    "自我": 0.03733955659276546
  },
  "霍华德·卢特尼克": {
    "博爱": 0.19929078014184398,
    "仁慈": 0.32127659574468087,
    "友善": 0.07825059101654847,
    "传统": 0.08817966903073286,
    "安全": 0.034988179669030735,
    "权力": 0.04468085106382979,
    "成就": 0.09763593380614657,
    "享乐": 0.04302600472813239,
    "刺激": 0.05271867612293144,
    "自我": 0.039952718676122934
  },
  "安德鲁·弗格森": {
    "博爱": 0.18169336384439358,
    "仁慈": 0.38077803203661326,
    "友善": 0.08924485125858124,
    "传统": 0.05263157894736842,
    "安全": 0.05308924485125858,
    "权力": 0.033867276887871854,
    "成就": 0.07185354691075514,
    "享乐": 0.05125858123569794,
    "刺激": 0.044851258581235696,
    "自我": 0.040732265446224256
  },
  "道格拉斯·詹姆斯·伯古姆": {
    "博爱": 0.3239346363345082,
    "仁慈": 0.19833386735020828,
    "友善": 0.12271707785966036,
    "传统": 0.062159564242230056,
    "安全": 0.04325536686959308,
    "权力": 0.04549823774431272,
    "成就": 0.0775392502403076,
    "享乐": 0.035885933995514256,
    "刺激": 0.05094520986863185,
    "自我": 0.03973085549503364
  },
  "杰米森·格里尔": {
    "博爱": 0.27049180327868855,
    "仁慈": 0.14959016393442623,
    "友善": 0.09836065573770492,
    "传统": 0.07581967213114754,
    "安全": 0.040983606557377046,
    "权力": 0.07172131147540983,
    "成就": 0.08811475409836066,
    "享乐": 0.06352459016393443,
    "刺激": 0.09631147540983606,
    "自我": 0.045081967213114756
  },
  "卡什·帕特尔": {
    "博爱": 0.23873873873873874,
    "仁慈": 0.21096096096096095,
    "友善": 0.10885885885885886,
    "传统": 0.1001001001001001,
    "安全": 0.05630630630630631,
    "权力": 0.04004004004004004,
    "成就": 0.12487487487487488,
    "享乐": 0.04254254254254254,
    "刺激": 0.04604604604604605,
    "自我": 0.03153153153153153
  }
}
